file,line,type,commit,author,date,time,timezone,datetime,depth,length
style.css,1,css,e536e0bb,nijain7,2026-04-06,16:15:06,-07:00,2026-04-06T16:15:06-07:00,0,5
style.css,2,css,e536e0bb,nijain7,2026-04-06,16:15:06,-07:00,2026-04-06T16:15:06-07:00,1,33
style.css,3,css,027b790b,nijain7,2026-04-13,16:00:34,-07:00,2026-04-13T16:00:34-07:00,1,22
style.css,4,css,e536e0bb,nijain7,2026-04-06,16:15:06,-07:00,2026-04-06T16:15:06-07:00,0,0
style.css,5,css,e536e0bb,nijain7,2026-04-06,16:15:06,-07:00,2026-04-06T16:15:06-07:00,0,0
style.css,6,css,e536e0bb,nijain7,2026-04-06,16:15:06,-07:00,2026-04-06T16:15:06-07:00,0,4
style.css,7,css,e536e0bb,nijain7,2026-04-06,16:15:06,-07:00,2026-04-06T16:15:06-07:00,1,32
style.css,8,css,e536e0bb,nijain7,2026-04-06,16:15:06,-07:00,2026-04-06T16:15:06-07:00,0,0
style.css,9,css,a12147bd,nijain7,2026-04-01,22:33:08,-07:00,2026-04-01T22:33:08-07:00,0,4
style.css,10,css,b6ff7fd8,nijain7,2026-04-07,12:52:46,-07:00,2026-04-07T12:52:46-07:00,1,38
style.css,11,css,fe490947,nijain7,2026-04-07,12:57:25,-07:00,2026-04-07T12:57:25-07:00,2,15
style.css,12,css,3fbbfd29,nijain7,2026-04-06,15:51:00,-07:00,2026-04-06T15:51:00-07:00,2,18
style.css,13,css,3fbbfd29,nijain7,2026-04-06,15:51:00,-07:00,2026-04-06T15:51:00-07:00,2,19
style.css,14,css,3fbbfd29,nijain7,2026-04-06,15:51:00,-07:00,2026-04-06T15:51:00-07:00,1,0
style.css,15,css,3fbbfd29,nijain7,2026-04-06,15:51:00,-07:00,2026-04-06T15:51:00-07:00,1,3
style.css,16,css,3fbbfd29,nijain7,2026-04-06,15:51:00,-07:00,2026-04-06T15:51:00-07:00,2,12
style.css,17,css,3fbbfd29,nijain7,2026-04-06,15:51:00,-07:00,2026-04-06T15:51:00-07:00,2,20
style.css,18,css,3fbbfd29,nijain7,2026-04-06,15:51:00,-07:00,2026-04-06T15:51:00-07:00,2,13
style.css,19,css,3fbbfd29,nijain7,2026-04-06,15:51:00,-07:00,2026-04-06T15:51:00-07:00,2,17
style.css,20,css,3fbbfd29,nijain7,2026-04-06,15:51:00,-07:00,2026-04-06T15:51:00-07:00,2,12
style.css,21,css,3fbbfd29,nijain7,2026-04-06,15:51:00,-07:00,2026-04-06T15:51:00-07:00,2,18
style.css,22,css,3fbbfd29,nijain7,2026-04-06,15:51:00,-07:00,2026-04-06T15:51:00-07:00,2,41
style.css,23,css,027b790b,nijain7,2026-04-13,16:00:34,-07:00,2026-04-13T16:00:34-07:00,2,39
style.css,24,css,027b790b,nijain7,2026-04-13,16:00:34,-07:00,2026-04-13T16:00:34-07:00,2,39
style.css,25,css,3fbbfd29,nijain7,2026-04-06,15:51:00,-07:00,2026-04-06T15:51:00-07:00,0,0
style.css,26,css,3fbbfd29,nijain7,2026-04-06,15:51:00,-07:00,2026-04-06T15:51:00-07:00,1,0
style.css,27,css,3fbbfd29,nijain7,2026-04-06,15:51:00,-07:00,2026-04-06T15:51:00-07:00,1,5
style.css,28,css,3fbbfd29,nijain7,2026-04-06,15:51:00,-07:00,2026-04-06T15:51:00-07:00,2,5
style.css,29,css,3fbbfd29,nijain7,2026-04-06,15:51:00,-07:00,2026-04-06T15:51:00-07:00,1,0
style.css,30,css,3fbbfd29,nijain7,2026-04-06,15:51:00,-07:00,2026-04-06T15:51:00-07:00,1,13
style.css,31,css,027b790b,nijain7,2026-04-13,16:00:34,-07:00,2026-04-13T16:00:34-07:00,2,16
style.css,32,css,3fbbfd29,nijain7,2026-04-06,15:51:00,-07:00,2026-04-06T15:51:00-07:00,2,43
style.css,33,css,3fbbfd29,nijain7,2026-04-06,15:51:00,-07:00,2026-04-06T15:51:00-07:00,2,20
style.css,34,css,e536e0bb,nijain7,2026-04-06,16:15:06,-07:00,2026-04-06T16:15:06-07:00,1,0
style.css,35,css,e536e0bb,nijain7,2026-04-06,16:15:06,-07:00,2026-04-06T16:15:06-07:00,1,11
style.css,36,css,e536e0bb,nijain7,2026-04-06,16:15:06,-07:00,2026-04-06T16:15:06-07:00,2,45
style.css,37,css,e536e0bb,nijain7,2026-04-06,16:15:06,-07:00,2026-04-06T16:15:06-07:00,2,20
style.css,38,css,027b790b,nijain7,2026-04-13,16:00:34,-07:00,2026-04-13T16:00:34-07:00,0,0
style.css,39,css,027b790b,nijain7,2026-04-13,16:00:34,-07:00,2026-04-13T16:00:34-07:00,0,13
style.css,40,css,027b790b,nijain7,2026-04-13,16:00:34,-07:00,2026-04-13T16:00:34-07:00,1,17
style.css,41,css,027b790b,nijain7,2026-04-13,16:00:34,-07:00,2026-04-13T16:00:34-07:00,1,8
style.css,42,css,027b790b,nijain7,2026-04-13,16:00:34,-07:00,2026-04-13T16:00:34-07:00,1,10
style.css,43,css,027b790b,nijain7,2026-04-13,16:00:34,-07:00,2026-04-13T16:00:34-07:00,1,13
style.css,44,css,28dd760d,nijain7,2026-04-22,12:29:21,-07:00,2026-04-22T12:29:21-07:00,0,0
style.css,45,css,28dd760d,nijain7,2026-04-22,12:29:21,-07:00,2026-04-22T12:29:21-07:00,0,17
style.css,46,css,28dd760d,nijain7,2026-04-22,12:29:21,-07:00,2026-04-22T12:29:21-07:00,1,12
style.css,47,css,28dd760d,nijain7,2026-04-22,12:29:21,-07:00,2026-04-22T12:29:21-07:00,1,36
style.css,48,css,28dd760d,nijain7,2026-04-22,12:29:21,-07:00,2026-04-22T12:29:21-07:00,1,8
style.css,49,css,28dd760d,nijain7,2026-04-22,12:29:21,-07:00,2026-04-22T12:29:21-07:00,0,0
style.css,50,css,28dd760d,nijain7,2026-04-22,12:29:21,-07:00,2026-04-22T12:29:21-07:00,0,0
style.css,51,css,28dd760d,nijain7,2026-04-22,12:29:21,-07:00,2026-04-22T12:29:21-07:00,0,17
style.css,52,css,28dd760d,nijain7,2026-04-22,12:29:21,-07:00,2026-04-22T12:29:21-07:00,1,17
style.css,53,css,28dd760d,nijain7,2026-04-22,12:29:21,-07:00,2026-04-22T12:29:21-07:00,1,24
style.css,54,css,28dd760d,nijain7,2026-04-22,12:29:21,-07:00,2026-04-22T12:29:21-07:00,1,21
style.css,55,css,28dd760d,nijain7,2026-04-22,12:29:21,-07:00,2026-04-22T12:29:21-07:00,1,10
style.css,56,css,28dd760d,nijain7,2026-04-22,12:29:21,-07:00,2026-04-22T12:29:21-07:00,0,0
style.css,57,css,28dd760d,nijain7,2026-04-22,12:29:21,-07:00,2026-04-22T12:29:21-07:00,0,0
style.css,58,css,28dd760d,nijain7,2026-04-22,12:29:21,-07:00,2026-04-22T12:29:21-07:00,0,17
style.css,59,css,28dd760d,nijain7,2026-04-22,12:29:21,-07:00,2026-04-22T12:29:21-07:00,1,16
style.css,60,css,28dd760d,nijain7,2026-04-22,12:29:21,-07:00,2026-04-22T12:29:21-07:00,1,16
style.css,61,css,28dd760d,nijain7,2026-04-22,12:29:21,-07:00,2026-04-22T12:29:21-07:00,1,8
style.css,62,css,e536e0bb,nijain7,2026-04-06,16:15:06,-07:00,2026-04-06T16:15:06-07:00,0,0
index.js,1,js,28dd760d,nijain7,2026-04-22,12:29:21,-07:00,2026-04-22T12:29:21-07:00,0,71
index.js,2,js,28dd760d,nijain7,2026-04-22,12:29:21,-07:00,2026-04-22T12:29:21-07:00,0,54
index.js,3,js,28dd760d,nijain7,2026-04-22,12:29:21,-07:00,2026-04-22T12:29:21-07:00,0,42
index.js,4,js,28dd760d,nijain7,2026-04-22,12:29:21,-07:00,2026-04-22T12:29:21-07:00,0,60
index.js,5,js,28dd760d,nijain7,2026-04-22,12:29:21,-07:00,2026-04-22T12:29:21-07:00,0,54
index.js,6,js,28dd760d,nijain7,2026-04-22,12:29:21,-07:00,2026-04-22T12:29:21-07:00,0,58
index.js,7,js,28dd760d,nijain7,2026-04-22,12:29:21,-07:00,2026-04-22T12:29:21-07:00,0,60
index.js,8,js,28dd760d,nijain7,2026-04-22,12:29:21,-07:00,2026-04-22T12:29:21-07:00,0,17
index.js,9,js,28dd760d,nijain7,2026-04-22,12:29:21,-07:00,2026-04-22T12:29:21-07:00,2,24
index.js,10,js,28dd760d,nijain7,2026-04-22,12:29:21,-07:00,2026-04-22T12:29:21-07:00,5,22
index.js,11,js,28dd760d,nijain7,2026-04-22,12:29:21,-07:00,2026-04-22T12:29:21-07:00,5,2
index.js,12,js,28dd760d,nijain7,2026-04-22,12:29:21,-07:00,2026-04-22T12:29:21-07:00,6,55
index.js,13,js,28dd760d,nijain7,2026-04-22,12:29:21,-07:00,2026-04-22T12:29:21-07:00,6,55
index.js,14,js,28dd760d,nijain7,2026-04-22,12:29:21,-07:00,2026-04-22T12:29:21-07:00,6,49
index.js,15,js,28dd760d,nijain7,2026-04-22,12:29:21,-07:00,2026-04-22T12:29:21-07:00,6,49
index.js,16,js,28dd760d,nijain7,2026-04-22,12:29:21,-07:00,2026-04-22T12:29:21-07:00,5,3
index.js,17,js,28dd760d,nijain7,2026-04-22,12:29:21,-07:00,2026-04-22T12:29:21-07:00,3,0
index.js,18,js,28dd760d,nijain7,2026-04-22,12:29:21,-07:00,2026-04-22T12:29:21-07:00,1,0
index.html,1,html,8d7e2b16,nijain7,2026-03-30,17:55:39,-07:00,2026-03-30T17:55:39-07:00,0,13
index.html,2,html,8d7e2b16,nijain7,2026-03-30,17:55:39,-07:00,2026-03-30T17:55:39-07:00,0,14
index.html,3,html,8d7e2b16,nijain7,2026-03-30,17:55:39,-07:00,2026-03-30T17:55:39-07:00,0,4
index.html,4,html,a12147bd,nijain7,2026-04-01,22:33:08,-07:00,2026-04-01T22:33:08-07:00,2,42
index.html,5,html,8d7e2b16,nijain7,2026-03-30,17:55:39,-07:00,2026-03-30T17:55:39-07:00,2,20
index.html,6,html,a12147bd,nijain7,2026-04-01,22:33:08,-07:00,2026-04-01T22:33:08-07:00,2,68
index.html,7,html,8d7e2b16,nijain7,2026-03-30,17:55:39,-07:00,2026-03-30T17:55:39-07:00,2,54
index.html,8,html,8d7e2b16,nijain7,2026-03-30,17:55:39,-07:00,2026-03-30T17:55:39-07:00,0,5
index.html,9,html,8d7e2b16,nijain7,2026-03-30,17:55:39,-07:00,2026-03-30T17:55:39-07:00,0,4
index.html,10,html,3fbbfd29,nijain7,2026-04-06,15:51:00,-07:00,2026-04-06T15:51:00-07:00,2,19
index.html,11,html,3fbbfd29,nijain7,2026-04-06,15:51:00,-07:00,2026-04-06T15:51:00-07:00,2,69
index.html,12,html,3fbbfd29,nijain7,2026-04-06,15:51:00,-07:00,2026-04-06T15:51:00-07:00,2,83
index.html,13,html,28dd760d,nijain7,2026-04-22,12:29:21,-07:00,2026-04-22T12:29:21-07:00,2,47
index.html,14,html,28dd760d,nijain7,2026-04-22,12:29:21,-07:00,2026-04-22T12:29:21-07:00,2,50
index.html,15,html,28dd760d,nijain7,2026-04-22,12:29:21,-07:00,2026-04-22T12:29:21-07:00,2,22
index.html,16,html,28dd760d,nijain7,2026-04-22,12:29:21,-07:00,2026-04-22T12:29:21-07:00,3,4
index.html,17,html,28dd760d,nijain7,2026-04-22,12:29:21,-07:00,2026-04-22T12:29:21-07:00,2,22
index.html,18,html,28dd760d,nijain7,2026-04-22,12:29:21,-07:00,2026-04-22T12:29:21-07:00,0,20
index.html,19,html,28dd760d,nijain7,2026-04-22,12:29:21,-07:00,2026-04-22T12:29:21-07:00,1,49
index.html,20,html,28dd760d,nijain7,2026-04-22,12:29:21,-07:00,2026-04-22T12:29:21-07:00,0,4
index.html,21,html,28dd760d,nijain7,2026-04-22,12:29:21,-07:00,2026-04-22T12:29:21-07:00,1,0
index.html,22,html,8d7e2b16,nijain7,2026-03-30,17:55:39,-07:00,2026-03-30T17:55:39-07:00,0,5
index.html,23,html,8d7e2b16,nijain7,2026-03-30,17:55:39,-07:00,2026-03-30T17:55:39-07:00,0,5
global.js,1,js,ef6a4db1,nijain7,2026-04-13,14:46:58,-07:00,2026-04-13T14:46:58-07:00,0,25
global.js,2,js,bf231d3c,nijain7,2026-04-13,14:42:13,-07:00,2026-04-13T14:42:13-07:00,0,0
global.js,3,js,027b790b,nijain7,2026-04-13,16:00:34,-07:00,2026-04-13T16:00:34-07:00,0,88
global.js,4,js,027b790b,nijain7,2026-04-13,16:00:34,-07:00,2026-04-13T16:00:34-07:00,1,3
global.js,5,js,b9b340bf,nijain7,2026-04-14,10:25:26,-07:00,2026-04-14T10:25:26-07:00,1,14
global.js,6,js,027b790b,nijain7,2026-04-13,16:00:34,-07:00,2026-04-13T16:00:34-07:00,0,0
global.js,7,js,027b790b,nijain7,2026-04-13,16:00:34,-07:00,2026-04-13T16:00:34-07:00,0,11
global.js,8,js,027b790b,nijain7,2026-04-13,16:00:34,-07:00,2026-04-13T16:00:34-07:00,2,25
global.js,9,js,027b790b,nijain7,2026-04-13,16:00:34,-07:00,2026-04-13T16:00:34-07:00,2,38
global.js,10,js,027b790b,nijain7,2026-04-13,16:00:34,-07:00,2026-04-13T16:00:34-07:00,2,33
global.js,11,js,027b790b,nijain7,2026-04-13,16:00:34,-07:00,2026-04-13T16:00:34-07:00,2,35
global.js,12,js,027b790b,nijain7,2026-04-13,16:00:34,-07:00,2026-04-13T16:00:34-07:00,2,51
global.js,13,js,027b790b,nijain7,2026-04-13,16:00:34,-07:00,2026-04-13T16:00:34-07:00,0,0
global.js,14,js,027b790b,nijain7,2026-04-13,16:00:34,-07:00,2026-04-13T16:00:34-07:00,0,0
global.js,15,js,027b790b,nijain7,2026-04-13,16:00:34,-07:00,2026-04-13T16:00:34-07:00,0,38
global.js,16,js,027b790b,nijain7,2026-04-13,16:00:34,-07:00,2026-04-13T16:00:34-07:00,0,25
global.js,17,js,027b790b,nijain7,2026-04-13,16:00:34,-07:00,2026-04-13T16:00:34-07:00,0,0
global.js,18,js,027b790b,nijain7,2026-04-13,16:00:34,-07:00,2026-04-13T16:00:34-07:00,0,20
global.js,19,js,027b790b,nijain7,2026-04-13,16:00:34,-07:00,2026-04-13T16:00:34-07:00,2,14
global.js,20,js,027b790b,nijain7,2026-04-13,16:00:34,-07:00,2026-04-13T16:00:34-07:00,2,18
global.js,21,js,027b790b,nijain7,2026-04-13,16:00:34,-07:00,2026-04-13T16:00:34-07:00,0,0
global.js,22,js,027b790b,nijain7,2026-04-13,16:00:34,-07:00,2026-04-13T16:00:34-07:00,2,28
global.js,23,js,027b790b,nijain7,2026-04-13,16:00:34,-07:00,2026-04-13T16:00:34-07:00,4,20
global.js,24,js,027b790b,nijain7,2026-04-13,16:00:34,-07:00,2026-04-13T16:00:34-07:00,2,0
global.js,25,js,027b790b,nijain7,2026-04-13,16:00:34,-07:00,2026-04-13T16:00:34-07:00,0,0
global.js,26,js,027b790b,nijain7,2026-04-13,16:00:34,-07:00,2026-04-13T16:00:34-07:00,2,34
global.js,27,js,027b790b,nijain7,2026-04-13,16:00:34,-07:00,2026-04-13T16:00:34-07:00,2,11
global.js,28,js,027b790b,nijain7,2026-04-13,16:00:34,-07:00,2026-04-13T16:00:34-07:00,2,20
global.js,29,js,027b790b,nijain7,2026-04-13,16:00:34,-07:00,2026-04-13T16:00:34-07:00,2,12
global.js,30,js,027b790b,nijain7,2026-04-13,16:00:34,-07:00,2026-04-13T16:00:34-07:00,0,0
global.js,31,js,027b790b,nijain7,2026-04-13,16:00:34,-07:00,2026-04-13T16:00:34-07:00,2,90
global.js,32,js,027b790b,nijain7,2026-04-13,16:00:34,-07:00,2026-04-13T16:00:34-07:00,0,0
global.js,33,js,027b790b,nijain7,2026-04-13,16:00:34,-07:00,2026-04-13T16:00:34-07:00,0,0
global.js,34,js,027b790b,nijain7,2026-04-13,16:00:34,-07:00,2026-04-13T16:00:34-07:00,0,31
global.js,35,js,027b790b,nijain7,2026-04-13,16:00:34,-07:00,2026-04-13T16:00:34-07:00,2,11
global.js,36,js,027b790b,nijain7,2026-04-13,16:00:34,-07:00,2026-04-13T16:00:34-07:00,2,27
global.js,37,js,027b790b,nijain7,2026-04-13,16:00:34,-07:00,2026-04-13T16:00:34-07:00,4,4
global.js,38,js,027b790b,nijain7,2026-04-13,16:00:34,-07:00,2026-04-13T16:00:34-07:00,4,6
global.js,39,js,027b790b,nijain7,2026-04-13,16:00:34,-07:00,2026-04-13T16:00:34-07:00,6,43
global.js,40,js,027b790b,nijain7,2026-04-13,16:00:34,-07:00,2026-04-13T16:00:34-07:00,6,34
global.js,41,js,027b790b,nijain7,2026-04-13,16:00:34,-07:00,2026-04-13T16:00:34-07:00,6,32
global.js,42,js,027b790b,nijain7,2026-04-13,16:00:34,-07:00,2026-04-13T16:00:34-07:00,4,7
global.js,43,js,027b790b,nijain7,2026-04-13,16:00:34,-07:00,2026-04-13T16:00:34-07:00,2,7
global.js,44,js,027b790b,nijain7,2026-04-13,16:00:34,-07:00,2026-04-13T16:00:34-07:00,0,0
global.js,45,js,027b790b,nijain7,2026-04-13,16:00:34,-07:00,2026-04-13T16:00:34-07:00,0,0
global.js,46,js,027b790b,nijain7,2026-04-13,16:00:34,-07:00,2026-04-13T16:00:34-07:00,0,58
global.js,47,js,027b790b,nijain7,2026-04-13,16:00:34,-07:00,2026-04-13T16:00:34-07:00,0,0
global.js,48,js,027b790b,nijain7,2026-04-13,16:00:34,-07:00,2026-04-13T16:00:34-07:00,0,34
global.js,49,js,027b790b,nijain7,2026-04-13,16:00:34,-07:00,2026-04-13T16:00:34-07:00,2,83
global.js,50,js,027b790b,nijain7,2026-04-13,16:00:34,-07:00,2026-04-13T16:00:34-07:00,2,38
global.js,51,js,027b790b,nijain7,2026-04-13,16:00:34,-07:00,2026-04-13T16:00:34-07:00,0,0
global.js,52,js,027b790b,nijain7,2026-04-13,16:00:34,-07:00,2026-04-13T16:00:34-07:00,0,0
global.js,53,js,027b790b,nijain7,2026-04-13,16:00:34,-07:00,2026-04-13T16:00:34-07:00,0,48
global.js,54,js,027b790b,nijain7,2026-04-13,16:00:34,-07:00,2026-04-13T16:00:34-07:00,2,57
global.js,55,js,027b790b,nijain7,2026-04-13,16:00:34,-07:00,2026-04-13T16:00:34-07:00,2,77
global.js,56,js,027b790b,nijain7,2026-04-13,16:00:34,-07:00,2026-04-13T16:00:34-07:00,2,44
global.js,57,js,28dd760d,nijain7,2026-04-22,12:29:21,-07:00,2026-04-22T12:29:21-07:00,0,1
global.js,58,js,28dd760d,nijain7,2026-04-22,12:29:21,-07:00,2026-04-22T12:29:21-07:00,0,36
global.js,59,js,28dd760d,nijain7,2026-04-22,12:29:21,-07:00,2026-04-22T12:29:21-07:00,2,3
global.js,60,js,28dd760d,nijain7,2026-04-22,12:29:21,-07:00,2026-04-22T12:29:21-07:00,3,39
global.js,61,js,28dd760d,nijain7,2026-04-22,12:29:21,-07:00,2026-04-22T12:29:21-07:00,3,32
global.js,62,js,28dd760d,nijain7,2026-04-22,12:29:21,-07:00,2026-04-22T12:29:21-07:00,3,38
global.js,63,js,28dd760d,nijain7,2026-04-22,12:29:21,-07:00,2026-04-22T12:29:21-07:00,3,17
global.js,64,js,28dd760d,nijain7,2026-04-22,12:29:21,-07:00,2026-04-22T12:29:21-07:00,4,66
global.js,65,js,28dd760d,nijain7,2026-04-22,12:29:21,-07:00,2026-04-22T12:29:21-07:00,3,0
global.js,66,js,28dd760d,nijain7,2026-04-22,12:29:21,-07:00,2026-04-22T12:29:21-07:00,3,33
global.js,67,js,28dd760d,nijain7,2026-04-22,12:29:21,-07:00,2026-04-22T12:29:21-07:00,3,10
global.js,68,js,28dd760d,nijain7,2026-04-22,12:29:21,-07:00,2026-04-22T12:29:21-07:00,0,0
global.js,69,js,28dd760d,nijain7,2026-04-22,12:29:21,-07:00,2026-04-22T12:29:21-07:00,2,15
global.js,70,js,28dd760d,nijain7,2026-04-22,12:29:21,-07:00,2026-04-22T12:29:21-07:00,3,59
global.js,71,js,28dd760d,nijain7,2026-04-22,12:29:21,-07:00,2026-04-22T12:29:21-07:00,2,0
global.js,72,js,28dd760d,nijain7,2026-04-22,12:29:21,-07:00,2026-04-22T12:29:21-07:00,1,0
global.js,73,js,28dd760d,nijain7,2026-04-22,12:29:21,-07:00,2026-04-22T12:29:21-07:00,1,79
global.js,74,js,28dd760d,nijain7,2026-04-22,12:29:21,-07:00,2026-04-22T12:29:21-07:00,2,23
global.js,75,js,28dd760d,nijain7,2026-04-22,12:29:21,-07:00,2026-04-22T12:29:21-07:00,2,30
global.js,76,js,28dd760d,nijain7,2026-04-22,12:29:21,-07:00,2026-04-22T12:29:21-07:00,2,27
global.js,77,js,28dd760d,nijain7,2026-04-22,12:29:21,-07:00,2026-04-22T12:29:21-07:00,4,48
global.js,78,js,28dd760d,nijain7,2026-04-22,12:29:21,-07:00,2026-04-22T12:29:21-07:00,4,19
global.js,79,js,28dd760d,nijain7,2026-04-22,12:29:21,-07:00,2026-04-22T12:29:21-07:00,5,49
global.js,80,js,28dd760d,nijain7,2026-04-22,12:29:21,-07:00,2026-04-22T12:29:21-07:00,5,49
global.js,81,js,28dd760d,nijain7,2026-04-22,12:29:21,-07:00,2026-04-22T12:29:21-07:00,5,27
global.js,82,js,28dd760d,nijain7,2026-04-22,12:29:21,-07:00,2026-04-22T12:29:21-07:00,4,0
global.js,83,js,28dd760d,nijain7,2026-04-22,12:29:21,-07:00,2026-04-22T12:29:21-07:00,4,36
global.js,84,js,28dd760d,nijain7,2026-04-22,12:29:21,-07:00,2026-04-22T12:29:21-07:00,3,1
global.js,85,js,28dd760d,nijain7,2026-04-22,12:29:21,-07:00,2026-04-22T12:29:21-07:00,1,0
global.js,86,js,28dd760d,nijain7,2026-04-22,12:29:21,-07:00,2026-04-22T12:29:21-07:00,1,47
global.js,87,js,28dd760d,nijain7,2026-04-22,12:29:21,-07:00,2026-04-22T12:29:21-07:00,2,59
global.js,88,js,28dd760d,nijain7,2026-04-22,12:29:21,-07:00,2026-04-22T12:29:21-07:00,1,0
global.js,89,js,28dd760d,nijain7,2026-04-22,12:29:21,-07:00,2026-04-22T12:29:21-07:00,0,0
global.js,90,js,28dd760d,nijain7,2026-04-22,12:29:21,-07:00,2026-04-22T12:29:21-07:00,1,47
global.js,91,js,28dd760d,nijain7,2026-04-22,12:29:21,-07:00,2026-04-22T12:29:21-07:00,2,22
global.js,92,js,28dd760d,nijain7,2026-04-22,12:29:21,-07:00,2026-04-22T12:29:21-07:00,2,59
global.js,93,js,28dd760d,nijain7,2026-04-22,12:29:21,-07:00,2026-04-22T12:29:21-07:00,0,0
global.js,94,js,28dd760d,nijain7,2026-04-22,12:29:21,-07:00,2026-04-22T12:29:21-07:00,1,0
global.js,95,js,28dd760d,nijain7,2026-04-22,12:29:21,-07:00,2026-04-22T12:29:21-07:00,1,0
global.js,96,js,28dd760d,nijain7,2026-04-22,12:29:21,-07:00,2026-04-22T12:29:21-07:00,1,0
resume/style.css,1,css,52323c7e,nijain7,2026-04-07,10:28:13,-07:00,2026-04-07T10:28:13-07:00,0,7
resume/style.css,2,css,52323c7e,nijain7,2026-04-07,10:28:13,-07:00,2026-04-07T10:28:13-07:00,2,43
resume/style.css,3,css,52323c7e,nijain7,2026-04-07,10:28:13,-07:00,2026-04-07T10:28:13-07:00,2,17
resume/style.css,4,css,52323c7e,nijain7,2026-04-07,10:28:13,-07:00,2026-04-07T10:28:13-07:00,0,0
resume/style.css,5,css,52323c7e,nijain7,2026-04-07,10:28:13,-07:00,2026-04-07T10:28:13-07:00,0,0
resume/style.css,6,css,52323c7e,nijain7,2026-04-07,10:28:13,-07:00,2026-04-07T10:28:13-07:00,0,1
resume/style.css,7,css,52323c7e,nijain7,2026-04-07,10:28:13,-07:00,2026-04-07T10:28:13-07:00,2,8
resume/style.css,8,css,52323c7e,nijain7,2026-04-07,10:28:13,-07:00,2026-04-07T10:28:13-07:00,0,0
resume/style.css,9,css,52323c7e,nijain7,2026-04-07,10:28:13,-07:00,2026-04-07T10:28:13-07:00,0,1
resume/style.css,10,css,52323c7e,nijain7,2026-04-07,10:28:13,-07:00,2026-04-07T10:28:13-07:00,2,25
resume/style.css,11,css,52323c7e,nijain7,2026-04-07,10:28:13,-07:00,2026-04-07T10:28:13-07:00,0,0
resume/style.css,12,css,52323c7e,nijain7,2026-04-07,10:28:13,-07:00,2026-04-07T10:28:13-07:00,0,3
resume/style.css,13,css,52323c7e,nijain7,2026-04-07,10:28:13,-07:00,2026-04-07T10:28:13-07:00,2,10
resume/style.css,14,css,52323c7e,nijain7,2026-04-07,10:28:13,-07:00,2026-04-07T10:28:13-07:00,2,17
resume/style.css,15,css,52323c7e,nijain7,2026-04-07,10:28:13,-07:00,2026-04-07T10:28:13-07:00,0,0
resume/style.css,16,css,52323c7e,nijain7,2026-04-07,10:28:13,-07:00,2026-04-07T10:28:13-07:00,0,4
resume/style.css,17,css,52323c7e,nijain7,2026-04-07,10:28:13,-07:00,2026-04-07T10:28:13-07:00,2,15
resume/style.css,18,css,52323c7e,nijain7,2026-04-07,10:28:13,-07:00,2026-04-07T10:28:13-07:00,2,18
resume/style.css,19,css,fe490947,nijain7,2026-04-07,12:57:25,-07:00,2026-04-07T12:57:25-07:00,2,21
resume/style.css,20,css,52323c7e,nijain7,2026-04-07,10:28:13,-07:00,2026-04-07T10:28:13-07:00,0,0
resume/index.html,1,html,c6200b1f,nijain7,2026-04-01,23:07:00,-07:00,2026-04-01T23:07:00-07:00,0,13
resume/index.html,2,html,c6200b1f,nijain7,2026-04-01,23:07:00,-07:00,2026-04-01T23:07:00-07:00,0,14
resume/index.html,3,html,c6200b1f,nijain7,2026-04-01,23:07:00,-07:00,2026-04-01T23:07:00-07:00,0,4
resume/index.html,4,html,e536e0bb,nijain7,2026-04-06,16:15:06,-07:00,2026-04-06T16:15:06-07:00,2,41
resume/index.html,5,html,3fbbfd29,nijain7,2026-04-06,15:51:00,-07:00,2026-04-06T15:51:00-07:00,2,42
resume/index.html,6,html,c6200b1f,nijain7,2026-04-01,23:07:00,-07:00,2026-04-01T23:07:00-07:00,2,20
resume/index.html,7,html,c6200b1f,nijain7,2026-04-01,23:07:00,-07:00,2026-04-01T23:07:00-07:00,2,68
resume/index.html,8,html,c6200b1f,nijain7,2026-04-01,23:07:00,-07:00,2026-04-01T23:07:00-07:00,2,19
resume/index.html,9,html,c6200b1f,nijain7,2026-04-01,23:07:00,-07:00,2026-04-01T23:07:00-07:00,0,5
resume/index.html,10,html,c6200b1f,nijain7,2026-04-01,23:07:00,-07:00,2026-04-01T23:07:00-07:00,0,4
resume/index.html,11,html,c6200b1f,nijain7,2026-04-01,23:07:00,-07:00,2026-04-01T23:07:00-07:00,2,7
resume/index.html,12,html,c6200b1f,nijain7,2026-04-01,23:07:00,-07:00,2026-04-01T23:07:00-07:00,4,18
resume/index.html,13,html,c6200b1f,nijain7,2026-04-01,23:07:00,-07:00,2026-04-01T23:07:00-07:00,4,37
resume/index.html,14,html,c6200b1f,nijain7,2026-04-01,23:07:00,-07:00,2026-04-01T23:07:00-07:00,2,8
resume/index.html,15,html,c6200b1f,nijain7,2026-04-01,23:07:00,-07:00,2026-04-01T23:07:00-07:00,2,7
resume/index.html,16,html,5eeb3414,nijain7,2026-04-01,23:09:48,-07:00,2026-04-01T23:09:48-07:00,4,16
resume/index.html,17,html,52323c7e,nijain7,2026-04-07,10:28:13,-07:00,2026-04-07T10:28:13-07:00,4,41
resume/index.html,18,html,c6200b1f,nijain7,2026-04-01,23:07:00,-07:00,2026-04-01T23:07:00-07:00,4,46
resume/index.html,19,html,c6200b1f,nijain7,2026-04-01,23:07:00,-07:00,2026-04-01T23:07:00-07:00,2,8
resume/index.html,20,html,c6200b1f,nijain7,2026-04-01,23:07:00,-07:00,2026-04-01T23:07:00-07:00,2,7
resume/index.html,21,html,5eeb3414,nijain7,2026-04-01,23:09:48,-07:00,2026-04-01T23:09:48-07:00,4,17
resume/index.html,22,html,c6200b1f,nijain7,2026-04-01,23:07:00,-07:00,2026-04-01T23:07:00-07:00,4,7
resume/index.html,23,html,5eeb3414,nijain7,2026-04-01,23:09:48,-07:00,2026-04-01T23:09:48-07:00,6,46
resume/index.html,24,html,c6200b1f,nijain7,2026-04-01,23:07:00,-07:00,2026-04-01T23:07:00-07:00,6,48
resume/index.html,25,html,c6200b1f,nijain7,2026-04-01,23:07:00,-07:00,2026-04-01T23:07:00-07:00,6,2
resume/index.html,26,html,c6200b1f,nijain7,2026-04-01,23:07:00,-07:00,2026-04-01T23:07:00-07:00,8,85
resume/index.html,27,html,c6200b1f,nijain7,2026-04-01,23:07:00,-07:00,2026-04-01T23:07:00-07:00,8,3
resume/index.html,28,html,c6200b1f,nijain7,2026-04-01,23:07:00,-07:00,2026-04-01T23:07:00-07:00,8,139
resume/index.html,29,html,c6200b1f,nijain7,2026-04-01,23:07:00,-07:00,2026-04-01T23:07:00-07:00,8,3
resume/index.html,30,html,c6200b1f,nijain7,2026-04-01,23:07:00,-07:00,2026-04-01T23:07:00-07:00,8,185
resume/index.html,31,html,c6200b1f,nijain7,2026-04-01,23:07:00,-07:00,2026-04-01T23:07:00-07:00,8,3
resume/index.html,32,html,c6200b1f,nijain7,2026-04-01,23:07:00,-07:00,2026-04-01T23:07:00-07:00,6,3
resume/index.html,33,html,c6200b1f,nijain7,2026-04-01,23:07:00,-07:00,2026-04-01T23:07:00-07:00,4,8
resume/index.html,34,html,c6200b1f,nijain7,2026-04-01,23:07:00,-07:00,2026-04-01T23:07:00-07:00,4,7
resume/index.html,35,html,5eeb3414,nijain7,2026-04-01,23:09:48,-07:00,2026-04-01T23:09:48-07:00,6,60
resume/index.html,36,html,c6200b1f,nijain7,2026-04-01,23:07:00,-07:00,2026-04-01T23:07:00-07:00,6,49
resume/index.html,37,html,c6200b1f,nijain7,2026-04-01,23:07:00,-07:00,2026-04-01T23:07:00-07:00,6,2
resume/index.html,38,html,c6200b1f,nijain7,2026-04-01,23:07:00,-07:00,2026-04-01T23:07:00-07:00,8,179
resume/index.html,39,html,c6200b1f,nijain7,2026-04-01,23:07:00,-07:00,2026-04-01T23:07:00-07:00,8,3
resume/index.html,40,html,c6200b1f,nijain7,2026-04-01,23:07:00,-07:00,2026-04-01T23:07:00-07:00,8,156
resume/index.html,41,html,c6200b1f,nijain7,2026-04-01,23:07:00,-07:00,2026-04-01T23:07:00-07:00,8,3
resume/index.html,42,html,c6200b1f,nijain7,2026-04-01,23:07:00,-07:00,2026-04-01T23:07:00-07:00,6,3
resume/index.html,43,html,c6200b1f,nijain7,2026-04-01,23:07:00,-07:00,2026-04-01T23:07:00-07:00,4,8
resume/index.html,44,html,c6200b1f,nijain7,2026-04-01,23:07:00,-07:00,2026-04-01T23:07:00-07:00,4,7
resume/index.html,45,html,5eeb3414,nijain7,2026-04-01,23:09:48,-07:00,2026-04-01T23:09:48-07:00,6,66
resume/index.html,46,html,c6200b1f,nijain7,2026-04-01,23:07:00,-07:00,2026-04-01T23:07:00-07:00,6,53
resume/index.html,47,html,c6200b1f,nijain7,2026-04-01,23:07:00,-07:00,2026-04-01T23:07:00-07:00,6,2
resume/index.html,48,html,c6200b1f,nijain7,2026-04-01,23:07:00,-07:00,2026-04-01T23:07:00-07:00,8,205
resume/index.html,49,html,c6200b1f,nijain7,2026-04-01,23:07:00,-07:00,2026-04-01T23:07:00-07:00,8,3
resume/index.html,50,html,c6200b1f,nijain7,2026-04-01,23:07:00,-07:00,2026-04-01T23:07:00-07:00,8,107
resume/index.html,51,html,c6200b1f,nijain7,2026-04-01,23:07:00,-07:00,2026-04-01T23:07:00-07:00,8,3
resume/index.html,52,html,c6200b1f,nijain7,2026-04-01,23:07:00,-07:00,2026-04-01T23:07:00-07:00,6,3
resume/index.html,53,html,c6200b1f,nijain7,2026-04-01,23:07:00,-07:00,2026-04-01T23:07:00-07:00,4,8
resume/index.html,54,html,c6200b1f,nijain7,2026-04-01,23:07:00,-07:00,2026-04-01T23:07:00-07:00,2,8
resume/index.html,55,html,c6200b1f,nijain7,2026-04-01,23:07:00,-07:00,2026-04-01T23:07:00-07:00,2,7
resume/index.html,56,html,5eeb3414,nijain7,2026-04-01,23:09:48,-07:00,2026-04-01T23:09:48-07:00,4,15
resume/index.html,57,html,c6200b1f,nijain7,2026-04-01,23:07:00,-07:00,2026-04-01T23:07:00-07:00,4,7
resume/index.html,58,html,5eeb3414,nijain7,2026-04-01,23:09:48,-07:00,2026-04-01T23:09:48-07:00,6,31
resume/index.html,59,html,c6200b1f,nijain7,2026-04-01,23:07:00,-07:00,2026-04-01T23:07:00-07:00,6,2
resume/index.html,60,html,c6200b1f,nijain7,2026-04-01,23:07:00,-07:00,2026-04-01T23:07:00-07:00,8,102
resume/index.html,61,html,c6200b1f,nijain7,2026-04-01,23:07:00,-07:00,2026-04-01T23:07:00-07:00,8,3
resume/index.html,62,html,c6200b1f,nijain7,2026-04-01,23:07:00,-07:00,2026-04-01T23:07:00-07:00,8,75
resume/index.html,63,html,c6200b1f,nijain7,2026-04-01,23:07:00,-07:00,2026-04-01T23:07:00-07:00,8,3
resume/index.html,64,html,c6200b1f,nijain7,2026-04-01,23:07:00,-07:00,2026-04-01T23:07:00-07:00,6,3
resume/index.html,65,html,c6200b1f,nijain7,2026-04-01,23:07:00,-07:00,2026-04-01T23:07:00-07:00,4,8
resume/index.html,66,html,c6200b1f,nijain7,2026-04-01,23:07:00,-07:00,2026-04-01T23:07:00-07:00,4,7
resume/index.html,67,html,5eeb3414,nijain7,2026-04-01,23:09:48,-07:00,2026-04-01T23:09:48-07:00,6,44
resume/index.html,68,html,c6200b1f,nijain7,2026-04-01,23:07:00,-07:00,2026-04-01T23:07:00-07:00,6,2
resume/index.html,69,html,c6200b1f,nijain7,2026-04-01,23:07:00,-07:00,2026-04-01T23:07:00-07:00,8,149
resume/index.html,70,html,c6200b1f,nijain7,2026-04-01,23:07:00,-07:00,2026-04-01T23:07:00-07:00,8,3
resume/index.html,71,html,c6200b1f,nijain7,2026-04-01,23:07:00,-07:00,2026-04-01T23:07:00-07:00,6,3
resume/index.html,72,html,c6200b1f,nijain7,2026-04-01,23:07:00,-07:00,2026-04-01T23:07:00-07:00,4,8
resume/index.html,73,html,c6200b1f,nijain7,2026-04-01,23:07:00,-07:00,2026-04-01T23:07:00-07:00,4,7
resume/index.html,74,html,5eeb3414,nijain7,2026-04-01,23:09:48,-07:00,2026-04-01T23:09:48-07:00,6,39
resume/index.html,75,html,c6200b1f,nijain7,2026-04-01,23:07:00,-07:00,2026-04-01T23:07:00-07:00,6,2
resume/index.html,76,html,c6200b1f,nijain7,2026-04-01,23:07:00,-07:00,2026-04-01T23:07:00-07:00,8,132
resume/index.html,77,html,c6200b1f,nijain7,2026-04-01,23:07:00,-07:00,2026-04-01T23:07:00-07:00,8,3
resume/index.html,78,html,c6200b1f,nijain7,2026-04-01,23:07:00,-07:00,2026-04-01T23:07:00-07:00,6,3
resume/index.html,79,html,c6200b1f,nijain7,2026-04-01,23:07:00,-07:00,2026-04-01T23:07:00-07:00,4,8
resume/index.html,80,html,c6200b1f,nijain7,2026-04-01,23:07:00,-07:00,2026-04-01T23:07:00-07:00,2,8
resume/index.html,81,html,c6200b1f,nijain7,2026-04-01,23:07:00,-07:00,2026-04-01T23:07:00-07:00,2,7
resume/index.html,82,html,5eeb3414,nijain7,2026-04-01,23:09:48,-07:00,2026-04-01T23:09:48-07:00,4,13
resume/index.html,83,html,c6200b1f,nijain7,2026-04-01,23:07:00,-07:00,2026-04-01T23:07:00-07:00,4,2
resume/index.html,84,html,c6200b1f,nijain7,2026-04-01,23:07:00,-07:00,2026-04-01T23:07:00-07:00,6,8
resume/index.html,85,html,c6200b1f,nijain7,2026-04-01,23:07:00,-07:00,2026-04-01T23:07:00-07:00,6,3
resume/index.html,86,html,c6200b1f,nijain7,2026-04-01,23:07:00,-07:00,2026-04-01T23:07:00-07:00,6,6
resume/index.html,87,html,c6200b1f,nijain7,2026-04-01,23:07:00,-07:00,2026-04-01T23:07:00-07:00,6,3
resume/index.html,88,html,c6200b1f,nijain7,2026-04-01,23:07:00,-07:00,2026-04-01T23:07:00-07:00,4,3
resume/index.html,89,html,c6200b1f,nijain7,2026-04-01,23:07:00,-07:00,2026-04-01T23:07:00-07:00,2,8
resume/index.html,90,html,027b790b,nijain7,2026-04-13,16:00:34,-07:00,2026-04-13T16:00:34-07:00,2,50
resume/index.html,91,html,c6200b1f,nijain7,2026-04-01,23:07:00,-07:00,2026-04-01T23:07:00-07:00,0,5
resume/index.html,92,html,c6200b1f,nijain7,2026-04-01,23:07:00,-07:00,2026-04-01T23:07:00-07:00,0,5
projects/style.css,1,css,e536e0bb,nijain7,2026-04-06,16:15:06,-07:00,2026-04-06T16:15:06-07:00,0,9
projects/style.css,2,css,e536e0bb,nijain7,2026-04-06,16:15:06,-07:00,2026-04-06T16:15:06-07:00,2,12
projects/style.css,3,css,e536e0bb,nijain7,2026-04-06,16:15:06,-07:00,2026-04-06T16:15:06-07:00,2,58
projects/style.css,4,css,e536e0bb,nijain7,2026-04-06,16:15:06,-07:00,2026-04-06T16:15:06-07:00,2,7
projects/style.css,5,css,e536e0bb,nijain7,2026-04-06,16:15:06,-07:00,2026-04-06T16:15:06-07:00,0,0
projects/style.css,6,css,e536e0bb,nijain7,2026-04-06,16:15:06,-07:00,2026-04-06T16:15:06-07:00,0,6
projects/style.css,7,css,e536e0bb,nijain7,2026-04-06,16:15:06,-07:00,2026-04-06T16:15:06-07:00,2,12
projects/style.css,8,css,e536e0bb,nijain7,2026-04-06,16:15:06,-07:00,2026-04-06T16:15:06-07:00,2,26
projects/style.css,9,css,e536e0bb,nijain7,2026-04-06,16:15:06,-07:00,2026-04-06T16:15:06-07:00,2,15
projects/style.css,10,css,e536e0bb,nijain7,2026-04-06,16:15:06,-07:00,2026-04-06T16:15:06-07:00,0,0
projects/style.css,11,css,e536e0bb,nijain7,2026-04-06,16:15:06,-07:00,2026-04-06T16:15:06-07:00,0,0
projects/style.css,12,css,e536e0bb,nijain7,2026-04-06,16:15:06,-07:00,2026-04-06T16:15:06-07:00,0,1
projects/style.css,13,css,e536e0bb,nijain7,2026-04-06,16:15:06,-07:00,2026-04-06T16:15:06-07:00,2,8
projects/style.css,14,css,e536e0bb,nijain7,2026-04-06,16:15:06,-07:00,2026-04-06T16:15:06-07:00,0,0
projects/style.css,15,css,e536e0bb,nijain7,2026-04-06,16:15:06,-07:00,2026-04-06T16:15:06-07:00,0,1
projects/style.css,16,css,e536e0bb,nijain7,2026-04-06,16:15:06,-07:00,2026-04-06T16:15:06-07:00,2,14
projects/style.css,17,css,e536e0bb,nijain7,2026-04-06,16:15:06,-07:00,2026-04-06T16:15:06-07:00,0,0
projects/style.css,18,css,e536e0bb,nijain7,2026-04-06,16:15:06,-07:00,2026-04-06T16:15:06-07:00,0,16
projects/style.css,19,css,e536e0bb,nijain7,2026-04-06,16:15:06,-07:00,2026-04-06T16:15:06-07:00,2,16
projects/style.css,20,css,e536e0bb,nijain7,2026-04-06,16:15:06,-07:00,2026-04-06T16:15:06-07:00,2,18
projects/style.css,21,css,e536e0bb,nijain7,2026-04-06,16:15:06,-07:00,2026-04-06T16:15:06-07:00,0,0
projects/style.css,22,css,3f8cf4c8,nijain7,2026-04-30,11:26:22,-07:00,2026-04-30T11:26:22-07:00,0,14
projects/style.css,23,css,3f8cf4c8,nijain7,2026-04-30,11:26:22,-07:00,2026-04-30T11:26:22-07:00,2,14
projects/style.css,24,css,3f8cf4c8,nijain7,2026-04-30,11:26:22,-07:00,2026-04-30T11:26:22-07:00,2,16
projects/style.css,25,css,3f8cf4c8,nijain7,2026-04-30,11:26:22,-07:00,2026-04-30T11:26:22-07:00,1,0
projects/style.css,26,css,3f8cf4c8,nijain7,2026-04-30,11:26:22,-07:00,2026-04-30T11:26:22-07:00,2,16
projects/style.css,27,css,3f8cf4c8,nijain7,2026-04-30,11:26:22,-07:00,2026-04-30T11:26:22-07:00,1,0
projects/style.css,28,css,3f8cf4c8,nijain7,2026-04-30,11:26:22,-07:00,2026-04-30T11:26:22-07:00,0,7
projects/style.css,29,css,3f8cf4c8,nijain7,2026-04-30,11:26:22,-07:00,2026-04-30T11:26:22-07:00,2,12
projects/style.css,30,css,3f8cf4c8,nijain7,2026-04-30,11:26:22,-07:00,2026-04-30T11:26:22-07:00,2,57
projects/style.css,31,css,3f8cf4c8,nijain7,2026-04-30,11:26:22,-07:00,2026-04-30T11:26:22-07:00,2,15
projects/style.css,32,css,3f8cf4c8,nijain7,2026-04-30,11:26:22,-07:00,2026-04-30T11:26:22-07:00,2,9
projects/style.css,33,css,3f8cf4c8,nijain7,2026-04-30,11:26:22,-07:00,2026-04-30T11:26:22-07:00,0,0
projects/style.css,34,css,3f8cf4c8,nijain7,2026-04-30,11:26:22,-07:00,2026-04-30T11:26:22-07:00,0,0
projects/style.css,35,css,3f8cf4c8,nijain7,2026-04-30,11:26:22,-07:00,2026-04-30T11:26:22-07:00,0,12
projects/style.css,36,css,3f8cf4c8,nijain7,2026-04-30,11:26:22,-07:00,2026-04-30T11:26:22-07:00,2,12
projects/style.css,37,css,3f8cf4c8,nijain7,2026-04-30,11:26:22,-07:00,2026-04-30T11:26:22-07:00,2,18
projects/style.css,38,css,3f8cf4c8,nijain7,2026-04-30,11:26:22,-07:00,2026-04-30T11:26:22-07:00,2,9
projects/style.css,39,css,3f8cf4c8,nijain7,2026-04-30,11:26:22,-07:00,2026-04-30T11:26:22-07:00,0,0
projects/style.css,40,css,3f8cf4c8,nijain7,2026-04-30,11:26:22,-07:00,2026-04-30T11:26:22-07:00,0,0
projects/style.css,41,css,3f8cf4c8,nijain7,2026-04-30,11:26:22,-07:00,2026-04-30T11:26:22-07:00,0,7
projects/style.css,42,css,3f8cf4c8,nijain7,2026-04-30,11:26:22,-07:00,2026-04-30T11:26:22-07:00,2,9
projects/style.css,43,css,3f8cf4c8,nijain7,2026-04-30,11:26:22,-07:00,2026-04-30T11:26:22-07:00,2,18
projects/style.css,44,css,3f8cf4c8,nijain7,2026-04-30,11:26:22,-07:00,2026-04-30T11:26:22-07:00,2,29
projects/style.css,45,css,3f8cf4c8,nijain7,2026-04-30,11:26:22,-07:00,2026-04-30T11:26:22-07:00,2,17
projects/style.css,46,css,3f8cf4c8,nijain7,2026-04-30,11:26:22,-07:00,2026-04-30T11:26:22-07:00,0,0
projects/style.css,47,css,3f8cf4c8,nijain7,2026-04-30,11:26:22,-07:00,2026-04-30T11:26:22-07:00,0,10
projects/style.css,48,css,3f8cf4c8,nijain7,2026-04-30,11:26:22,-07:00,2026-04-30T11:26:22-07:00,2,12
projects/style.css,49,css,3f8cf4c8,nijain7,2026-04-30,11:26:22,-07:00,2026-04-30T11:26:22-07:00,2,18
projects/style.css,50,css,3f8cf4c8,nijain7,2026-04-30,11:26:22,-07:00,2026-04-30T11:26:22-07:00,2,8
projects/style.css,51,css,3f8cf4c8,nijain7,2026-04-30,11:26:22,-07:00,2026-04-30T11:26:22-07:00,1,0
projects/style.css,52,css,3f8cf4c8,nijain7,2026-04-30,11:26:22,-07:00,2026-04-30T11:26:22-07:00,1,0
projects/style.css,53,css,3f8cf4c8,nijain7,2026-04-30,11:26:22,-07:00,2026-04-30T11:26:22-07:00,1,3
projects/style.css,54,css,3f8cf4c8,nijain7,2026-04-30,11:26:22,-07:00,2026-04-30T11:26:22-07:00,2,11
projects/style.css,55,css,3f8cf4c8,nijain7,2026-04-30,11:26:22,-07:00,2026-04-30T11:26:22-07:00,2,12
projects/style.css,56,css,3f8cf4c8,nijain7,2026-04-30,11:26:22,-07:00,2026-04-30T11:26:22-07:00,2,13
projects/style.css,57,css,3f8cf4c8,nijain7,2026-04-30,11:26:22,-07:00,2026-04-30T11:26:22-07:00,2,60
projects/style.css,58,css,3f8cf4c8,nijain7,2026-04-30,11:26:22,-07:00,2026-04-30T11:26:22-07:00,2,17
projects/style.css,59,css,3f8cf4c8,nijain7,2026-04-30,11:26:22,-07:00,2026-04-30T11:26:22-07:00,4,16
projects/style.css,60,css,3f8cf4c8,nijain7,2026-04-30,11:26:22,-07:00,2026-04-30T11:26:22-07:00,5,11
projects/style.css,61,css,3f8cf4c8,nijain7,2026-04-30,11:26:22,-07:00,2026-04-30T11:26:22-07:00,4,0
projects/style.css,62,css,3f8cf4c8,nijain7,2026-04-30,11:26:22,-07:00,2026-04-30T11:26:22-07:00,3,0
projects/style.css,63,css,3f8cf4c8,nijain7,2026-04-30,11:26:22,-07:00,2026-04-30T11:26:22-07:00,1,0
projects/style.css,64,css,3f8cf4c8,nijain7,2026-04-30,11:26:22,-07:00,2026-04-30T11:26:22-07:00,1,0
projects/style.css,65,css,3f8cf4c8,nijain7,2026-04-30,11:26:22,-07:00,2026-04-30T11:26:22-07:00,1,7
projects/style.css,66,css,3f8cf4c8,nijain7,2026-04-30,11:26:22,-07:00,2026-04-30T11:26:22-07:00,2,15
projects/style.css,67,css,3f8cf4c8,nijain7,2026-04-30,11:26:22,-07:00,2026-04-30T11:26:22-07:00,2,9
projects/style.css,68,css,3f8cf4c8,nijain7,2026-04-30,11:26:22,-07:00,2026-04-30T11:26:22-07:00,2,8
projects/style.css,69,css,3f8cf4c8,nijain7,2026-04-30,11:26:22,-07:00,2026-04-30T11:26:22-07:00,2,37
projects/style.css,70,css,3f8cf4c8,nijain7,2026-04-30,11:26:22,-07:00,2026-04-30T11:26:22-07:00,1,0
projects/style.css,71,css,3f8cf4c8,nijain7,2026-04-30,11:26:22,-07:00,2026-04-30T11:26:22-07:00,1,4
projects/style.css,72,css,3f8cf4c8,nijain7,2026-04-30,11:26:22,-07:00,2026-04-30T11:26:22-07:00,2,16
projects/style.css,73,css,3f8cf4c8,nijain7,2026-04-30,11:26:22,-07:00,2026-04-30T11:26:22-07:00,1,0
projects/style.css,74,css,3f8cf4c8,nijain7,2026-04-30,11:26:22,-07:00,2026-04-30T11:26:22-07:00,1,9
projects/style.css,75,css,3f8cf4c8,nijain7,2026-04-30,11:26:22,-07:00,2026-04-30T11:26:22-07:00,2,35
projects/style.css,76,css,3f8cf4c8,nijain7,2026-04-30,11:26:22,-07:00,2026-04-30T11:26:22-07:00,1,0
projects/style.css,77,css,3f8cf4c8,nijain7,2026-04-30,11:26:22,-07:00,2026-04-30T11:26:22-07:00,2,10
projects/style.css,78,css,3f8cf4c8,nijain7,2026-04-30,11:26:22,-07:00,2026-04-30T11:26:22-07:00,3,17
projects/style.css,79,css,3f8cf4c8,nijain7,2026-04-30,11:26:22,-07:00,2026-04-30T11:26:22-07:00,2,0
projects/style.css,80,css,3fbbfd29,nijain7,2026-04-06,15:51:00,-07:00,2026-04-06T15:51:00-07:00,0,0
projects/projects.js,1,js,3f8cf4c8,nijain7,2026-04-30,11:26:22,-07:00,2026-04-30T11:26:22-07:00,0,63
projects/projects.js,2,js,28dd760d,nijain7,2026-04-22,12:29:21,-07:00,2026-04-22T12:29:21-07:00,0,55
projects/projects.js,3,js,3f8cf4c8,nijain7,2026-04-30,11:26:22,-07:00,2026-04-30T11:26:22-07:00,0,0
projects/projects.js,4,js,28dd760d,nijain7,2026-04-22,12:29:21,-07:00,2026-04-22T12:29:21-07:00,0,55
projects/projects.js,5,js,28dd760d,nijain7,2026-04-22,12:29:21,-07:00,2026-04-22T12:29:21-07:00,0,60
projects/projects.js,6,js,3f8cf4c8,nijain7,2026-04-30,11:26:22,-07:00,2026-04-30T11:26:22-07:00,0,0
projects/projects.js,7,js,3f8cf4c8,nijain7,2026-04-30,11:26:22,-07:00,2026-04-30T11:26:22-07:00,0,57
projects/projects.js,8,js,3f8cf4c8,nijain7,2026-04-30,11:26:22,-07:00,2026-04-30T11:26:22-07:00,0,47
projects/projects.js,9,js,3f8cf4c8,nijain7,2026-04-30,11:26:22,-07:00,2026-04-30T11:26:22-07:00,0,21
projects/projects.js,10,js,3f8cf4c8,nijain7,2026-04-30,11:26:22,-07:00,2026-04-30T11:26:22-07:00,0,13
projects/projects.js,11,js,3f8cf4c8,nijain7,2026-04-30,11:26:22,-07:00,2026-04-30T11:26:22-07:00,0,0
projects/projects.js,12,js,3f8cf4c8,nijain7,2026-04-30,11:26:22,-07:00,2026-04-30T11:26:22-07:00,0,38
projects/projects.js,13,js,3f8cf4c8,nijain7,2026-04-30,11:26:22,-07:00,2026-04-30T11:26:22-07:00,1,25
projects/projects.js,14,js,3f8cf4c8,nijain7,2026-04-30,11:26:22,-07:00,2026-04-30T11:26:22-07:00,1,29
projects/projects.js,15,js,3f8cf4c8,nijain7,2026-04-30,11:26:22,-07:00,2026-04-30T11:26:22-07:00,1,44
projects/projects.js,16,js,3f8cf4c8,nijain7,2026-04-30,11:26:22,-07:00,2026-04-30T11:26:22-07:00,0,0
projects/projects.js,17,js,3f8cf4c8,nijain7,2026-04-30,11:26:22,-07:00,2026-04-30T11:26:22-07:00,1,76
projects/projects.js,18,js,3f8cf4c8,nijain7,2026-04-30,11:26:22,-07:00,2026-04-30T11:26:22-07:00,1,82
projects/projects.js,19,js,3f8cf4c8,nijain7,2026-04-30,11:26:22,-07:00,2026-04-30T11:26:22-07:00,0,0
projects/projects.js,20,js,3f8cf4c8,nijain7,2026-04-30,11:26:22,-07:00,2026-04-30T11:26:22-07:00,1,53
projects/projects.js,21,js,3f8cf4c8,nijain7,2026-04-30,11:26:22,-07:00,2026-04-30T11:26:22-07:00,1,42
projects/projects.js,22,js,3f8cf4c8,nijain7,2026-04-30,11:26:22,-07:00,2026-04-30T11:26:22-07:00,1,51
projects/projects.js,23,js,3f8cf4c8,nijain7,2026-04-30,11:26:22,-07:00,2026-04-30T11:26:22-07:00,0,0
projects/projects.js,24,js,3f8cf4c8,nijain7,2026-04-30,11:26:22,-07:00,2026-04-30T11:26:22-07:00,1,27
projects/projects.js,25,js,3f8cf4c8,nijain7,2026-04-30,11:26:22,-07:00,2026-04-30T11:26:22-07:00,2,16
projects/projects.js,26,js,3f8cf4c8,nijain7,2026-04-30,11:26:22,-07:00,2026-04-30T11:26:22-07:00,3,13
projects/projects.js,27,js,3f8cf4c8,nijain7,2026-04-30,11:26:22,-07:00,2026-04-30T11:26:22-07:00,3,22
projects/projects.js,28,js,3f8cf4c8,nijain7,2026-04-30,11:26:22,-07:00,2026-04-30T11:26:22-07:00,3,51
projects/projects.js,29,js,3f8cf4c8,nijain7,2026-04-30,11:26:22,-07:00,2026-04-30T11:26:22-07:00,3,18
projects/projects.js,30,js,3f8cf4c8,nijain7,2026-04-30,11:26:22,-07:00,2026-04-30T11:26:22-07:00,4,43
projects/projects.js,31,js,3f8cf4c8,nijain7,2026-04-30,11:26:22,-07:00,2026-04-30T11:26:22-07:00,0,0
projects/projects.js,32,js,3f8cf4c8,nijain7,2026-04-30,11:26:22,-07:00,2026-04-30T11:26:22-07:00,4,19
projects/projects.js,33,js,3f8cf4c8,nijain7,2026-04-30,11:26:22,-07:00,2026-04-30T11:26:22-07:00,5,66
projects/projects.js,34,js,3f8cf4c8,nijain7,2026-04-30,11:26:22,-07:00,2026-04-30T11:26:22-07:00,0,0
projects/projects.js,35,js,3f8cf4c8,nijain7,2026-04-30,11:26:22,-07:00,2026-04-30T11:26:22-07:00,4,34
projects/projects.js,36,js,3f8cf4c8,nijain7,2026-04-30,11:26:22,-07:00,2026-04-30T11:26:22-07:00,5,89
projects/projects.js,37,js,3f8cf4c8,nijain7,2026-04-30,11:26:22,-07:00,2026-04-30T11:26:22-07:00,0,0
projects/projects.js,38,js,3f8cf4c8,nijain7,2026-04-30,11:26:22,-07:00,2026-04-30T11:26:22-07:00,4,25
projects/projects.js,39,js,3f8cf4c8,nijain7,2026-04-30,11:26:22,-07:00,2026-04-30T11:26:22-07:00,5,53
projects/projects.js,40,js,3f8cf4c8,nijain7,2026-04-30,11:26:22,-07:00,2026-04-30T11:26:22-07:00,4,6
projects/projects.js,41,js,3f8cf4c8,nijain7,2026-04-30,11:26:22,-07:00,2026-04-30T11:26:22-07:00,5,46
projects/projects.js,42,js,3f8cf4c8,nijain7,2026-04-30,11:26:22,-07:00,2026-04-30T11:26:22-07:00,5,64
projects/projects.js,43,js,3f8cf4c8,nijain7,2026-04-30,11:26:22,-07:00,2026-04-30T11:26:22-07:00,5,67
projects/projects.js,44,js,3f8cf4c8,nijain7,2026-04-30,11:26:22,-07:00,2026-04-30T11:26:22-07:00,5,90
projects/projects.js,45,js,3f8cf4c8,nijain7,2026-04-30,11:26:22,-07:00,2026-04-30T11:26:22-07:00,4,0
projects/projects.js,46,js,3f8cf4c8,nijain7,2026-04-30,11:26:22,-07:00,2026-04-30T11:26:22-07:00,3,1
projects/projects.js,47,js,3f8cf4c8,nijain7,2026-04-30,11:26:22,-07:00,2026-04-30T11:26:22-07:00,1,1
projects/projects.js,48,js,3f8cf4c8,nijain7,2026-04-30,11:26:22,-07:00,2026-04-30T11:26:22-07:00,0,0
projects/projects.js,49,js,3f8cf4c8,nijain7,2026-04-30,11:26:22,-07:00,2026-04-30T11:26:22-07:00,1,32
projects/projects.js,50,js,3f8cf4c8,nijain7,2026-04-30,11:26:22,-07:00,2026-04-30T11:26:22-07:00,1,25
projects/projects.js,51,js,3f8cf4c8,nijain7,2026-04-30,11:26:22,-07:00,2026-04-30T11:26:22-07:00,2,17
projects/projects.js,52,js,3f8cf4c8,nijain7,2026-04-30,11:26:22,-07:00,2026-04-30T11:26:22-07:00,3,74
projects/projects.js,53,js,3f8cf4c8,nijain7,2026-04-30,11:26:22,-07:00,2026-04-30T11:26:22-07:00,3,37
projects/projects.js,54,js,3f8cf4c8,nijain7,2026-04-30,11:26:22,-07:00,2026-04-30T11:26:22-07:00,3,47
projects/projects.js,55,js,3f8cf4c8,nijain7,2026-04-30,11:26:22,-07:00,2026-04-30T11:26:22-07:00,1,1
projects/projects.js,56,js,3f8cf4c8,nijain7,2026-04-30,11:26:22,-07:00,2026-04-30T11:26:22-07:00,0,0
projects/projects.js,57,js,3f8cf4c8,nijain7,2026-04-30,11:26:22,-07:00,2026-04-30T11:26:22-07:00,0,0
projects/projects.js,58,js,3f8cf4c8,nijain7,2026-04-30,11:26:22,-07:00,2026-04-30T11:26:22-07:00,0,48
projects/projects.js,59,js,3f8cf4c8,nijain7,2026-04-30,11:26:22,-07:00,2026-04-30T11:26:22-07:00,0,23
projects/projects.js,60,js,3f8cf4c8,nijain7,2026-04-30,11:26:22,-07:00,2026-04-30T11:26:22-07:00,0,0
projects/projects.js,61,js,3f8cf4c8,nijain7,2026-04-30,11:26:22,-07:00,2026-04-30T11:26:22-07:00,0,53
projects/projects.js,62,js,3f8cf4c8,nijain7,2026-04-30,11:26:22,-07:00,2026-04-30T11:26:22-07:00,0,48
projects/projects.js,63,js,3f8cf4c8,nijain7,2026-04-30,11:26:22,-07:00,2026-04-30T11:26:22-07:00,1,25
projects/projects.js,64,js,3f8cf4c8,nijain7,2026-04-30,11:26:22,-07:00,2026-04-30T11:26:22-07:00,1,50
projects/projects.js,65,js,3f8cf4c8,nijain7,2026-04-30,11:26:22,-07:00,2026-04-30T11:26:22-07:00,0,0
projects/projects.js,66,js,3f8cf4c8,nijain7,2026-04-30,11:26:22,-07:00,2026-04-30T11:26:22-07:00,1,51
projects/projects.js,67,js,3f8cf4c8,nijain7,2026-04-30,11:26:22,-07:00,2026-04-30T11:26:22-07:00,2,59
projects/projects.js,68,js,3f8cf4c8,nijain7,2026-04-30,11:26:22,-07:00,2026-04-30T11:26:22-07:00,2,42
projects/projects.js,69,js,3f8cf4c8,nijain7,2026-04-30,11:26:22,-07:00,2026-04-30T11:26:22-07:00,1,1
projects/projects.js,70,js,3f8cf4c8,nijain7,2026-04-30,11:26:22,-07:00,2026-04-30T11:26:22-07:00,1,56
projects/projects.js,71,js,3f8cf4c8,nijain7,2026-04-30,11:26:22,-07:00,2026-04-30T11:26:22-07:00,1,31
projects/projects.js,72,js,3f8cf4c8,nijain7,2026-04-30,11:26:22,-07:00,2026-04-30T11:26:22-07:00,0,1
projects/index.html,1,html,a12147bd,nijain7,2026-04-01,22:33:08,-07:00,2026-04-01T22:33:08-07:00,0,13
projects/index.html,2,html,a12147bd,nijain7,2026-04-01,22:33:08,-07:00,2026-04-01T22:33:08-07:00,0,14
projects/index.html,3,html,a12147bd,nijain7,2026-04-01,22:33:08,-07:00,2026-04-01T22:33:08-07:00,0,4
projects/index.html,4,html,e536e0bb,nijain7,2026-04-06,16:15:06,-07:00,2026-04-06T16:15:06-07:00,2,41
projects/index.html,5,html,3fbbfd29,nijain7,2026-04-06,15:51:00,-07:00,2026-04-06T15:51:00-07:00,2,42
projects/index.html,6,html,a12147bd,nijain7,2026-04-01,22:33:08,-07:00,2026-04-01T22:33:08-07:00,2,20
projects/index.html,7,html,a12147bd,nijain7,2026-04-01,22:33:08,-07:00,2026-04-01T22:33:08-07:00,2,68
projects/index.html,8,html,a12147bd,nijain7,2026-04-01,22:33:08,-07:00,2026-04-01T22:33:08-07:00,2,21
projects/index.html,9,html,a12147bd,nijain7,2026-04-01,22:33:08,-07:00,2026-04-01T22:33:08-07:00,0,5
projects/index.html,10,html,a12147bd,nijain7,2026-04-01,22:33:08,-07:00,2026-04-01T22:33:08-07:00,0,4
projects/index.html,11,html,3fbbfd29,nijain7,2026-04-06,15:51:00,-07:00,2026-04-06T15:51:00-07:00,2,17
projects/index.html,12,html,3f8cf4c8,nijain7,2026-04-30,11:26:22,-07:00,2026-04-30T11:26:22-07:00,2,21
projects/index.html,13,html,3f8cf4c8,nijain7,2026-04-30,11:26:22,-07:00,2026-04-30T11:26:22-07:00,4,35
projects/index.html,14,html,3f8cf4c8,nijain7,2026-04-30,11:26:22,-07:00,2026-04-30T11:26:22-07:00,4,22
projects/index.html,15,html,3f8cf4c8,nijain7,2026-04-30,11:26:22,-07:00,2026-04-30T11:26:22-07:00,3,4
projects/index.html,16,html,3f8cf4c8,nijain7,2026-04-30,11:26:22,-07:00,2026-04-30T11:26:22-07:00,3,4
projects/index.html,17,html,3f8cf4c8,nijain7,2026-04-30,11:26:22,-07:00,2026-04-30T11:26:22-07:00,4,15
projects/index.html,18,html,3f8cf4c8,nijain7,2026-04-30,11:26:22,-07:00,2026-04-30T11:26:22-07:00,4,11
projects/index.html,19,html,3f8cf4c8,nijain7,2026-04-30,11:26:22,-07:00,2026-04-30T11:26:22-07:00,4,26
projects/index.html,20,html,3f8cf4c8,nijain7,2026-04-30,11:26:22,-07:00,2026-04-30T11:26:22-07:00,4,31
projects/index.html,21,html,3f8cf4c8,nijain7,2026-04-30,11:26:22,-07:00,2026-04-30T11:26:22-07:00,2,0
projects/index.html,22,html,3f8cf4c8,nijain7,2026-04-30,11:26:22,-07:00,2026-04-30T11:26:22-07:00,2,0
projects/index.html,23,html,3f8cf4c8,nijain7,2026-04-30,11:26:22,-07:00,2026-04-30T11:26:22-07:00,3,0
projects/index.html,24,html,e536e0bb,nijain7,2026-04-06,16:15:06,-07:00,2026-04-06T16:15:06-07:00,2,20
projects/index.html,25,html,28dd760d,nijain7,2026-04-22,12:29:21,-07:00,2026-04-22T12:29:21-07:00,4,12
projects/index.html,26,html,e536e0bb,nijain7,2026-04-06,16:15:06,-07:00,2026-04-06T16:15:06-07:00,6,29
projects/index.html,27,html,e536e0bb,nijain7,2026-04-06,16:15:06,-07:00,2026-04-06T16:15:06-07:00,6,70
projects/index.html,28,html,e536e0bb,nijain7,2026-04-06,16:15:06,-07:00,2026-04-06T16:15:06-07:00,6,238
projects/index.html,29,html,e536e0bb,nijain7,2026-04-06,16:15:06,-07:00,2026-04-06T16:15:06-07:00,4,8
projects/index.html,30,html,e536e0bb,nijain7,2026-04-06,16:15:06,-07:00,2026-04-06T16:15:06-07:00,4,7
projects/index.html,31,html,e536e0bb,nijain7,2026-04-06,16:15:06,-07:00,2026-04-06T16:15:06-07:00,6,37
projects/index.html,32,html,e536e0bb,nijain7,2026-04-06,16:15:06,-07:00,2026-04-06T16:15:06-07:00,6,70
projects/index.html,33,html,e536e0bb,nijain7,2026-04-06,16:15:06,-07:00,2026-04-06T16:15:06-07:00,6,255
projects/index.html,34,html,e536e0bb,nijain7,2026-04-06,16:15:06,-07:00,2026-04-06T16:15:06-07:00,4,8
projects/index.html,35,html,e536e0bb,nijain7,2026-04-06,16:15:06,-07:00,2026-04-06T16:15:06-07:00,4,7
projects/index.html,36,html,e536e0bb,nijain7,2026-04-06,16:15:06,-07:00,2026-04-06T16:15:06-07:00,6,41
projects/index.html,37,html,e536e0bb,nijain7,2026-04-06,16:15:06,-07:00,2026-04-06T16:15:06-07:00,6,70
projects/index.html,38,html,e536e0bb,nijain7,2026-04-06,16:15:06,-07:00,2026-04-06T16:15:06-07:00,6,246
projects/index.html,39,html,e536e0bb,nijain7,2026-04-06,16:15:06,-07:00,2026-04-06T16:15:06-07:00,4,8
projects/index.html,40,html,e536e0bb,nijain7,2026-04-06,16:15:06,-07:00,2026-04-06T16:15:06-07:00,4,7
projects/index.html,41,html,e536e0bb,nijain7,2026-04-06,16:15:06,-07:00,2026-04-06T16:15:06-07:00,6,45
projects/index.html,42,html,e536e0bb,nijain7,2026-04-06,16:15:06,-07:00,2026-04-06T16:15:06-07:00,6,70
projects/index.html,43,html,e536e0bb,nijain7,2026-04-06,16:15:06,-07:00,2026-04-06T16:15:06-07:00,6,223
projects/index.html,44,html,e536e0bb,nijain7,2026-04-06,16:15:06,-07:00,2026-04-06T16:15:06-07:00,4,8
projects/index.html,45,html,e536e0bb,nijain7,2026-04-06,16:15:06,-07:00,2026-04-06T16:15:06-07:00,4,7
projects/index.html,46,html,e536e0bb,nijain7,2026-04-06,16:15:06,-07:00,2026-04-06T16:15:06-07:00,6,34
projects/index.html,47,html,e536e0bb,nijain7,2026-04-06,16:15:06,-07:00,2026-04-06T16:15:06-07:00,6,70
projects/index.html,48,html,e536e0bb,nijain7,2026-04-06,16:15:06,-07:00,2026-04-06T16:15:06-07:00,6,226
projects/index.html,49,html,e536e0bb,nijain7,2026-04-06,16:15:06,-07:00,2026-04-06T16:15:06-07:00,4,8
projects/index.html,50,html,e536e0bb,nijain7,2026-04-06,16:15:06,-07:00,2026-04-06T16:15:06-07:00,4,7
projects/index.html,51,html,e536e0bb,nijain7,2026-04-06,16:15:06,-07:00,2026-04-06T16:15:06-07:00,6,37
projects/index.html,52,html,e536e0bb,nijain7,2026-04-06,16:15:06,-07:00,2026-04-06T16:15:06-07:00,6,70
projects/index.html,53,html,e536e0bb,nijain7,2026-04-06,16:15:06,-07:00,2026-04-06T16:15:06-07:00,6,234
projects/index.html,54,html,e536e0bb,nijain7,2026-04-06,16:15:06,-07:00,2026-04-06T16:15:06-07:00,4,8
projects/index.html,55,html,e536e0bb,nijain7,2026-04-06,16:15:06,-07:00,2026-04-06T16:15:06-07:00,4,7
projects/index.html,56,html,e536e0bb,nijain7,2026-04-06,16:15:06,-07:00,2026-04-06T16:15:06-07:00,6,37
projects/index.html,57,html,e536e0bb,nijain7,2026-04-06,16:15:06,-07:00,2026-04-06T16:15:06-07:00,6,70
projects/index.html,58,html,e536e0bb,nijain7,2026-04-06,16:15:06,-07:00,2026-04-06T16:15:06-07:00,6,239
projects/index.html,59,html,e536e0bb,nijain7,2026-04-06,16:15:06,-07:00,2026-04-06T16:15:06-07:00,4,8
projects/index.html,60,html,e536e0bb,nijain7,2026-04-06,16:15:06,-07:00,2026-04-06T16:15:06-07:00,4,7
projects/index.html,61,html,e536e0bb,nijain7,2026-04-06,16:15:06,-07:00,2026-04-06T16:15:06-07:00,6,30
projects/index.html,62,html,e536e0bb,nijain7,2026-04-06,16:15:06,-07:00,2026-04-06T16:15:06-07:00,6,70
projects/index.html,63,html,e536e0bb,nijain7,2026-04-06,16:15:06,-07:00,2026-04-06T16:15:06-07:00,6,224
projects/index.html,64,html,e536e0bb,nijain7,2026-04-06,16:15:06,-07:00,2026-04-06T16:15:06-07:00,4,8
projects/index.html,65,html,e536e0bb,nijain7,2026-04-06,16:15:06,-07:00,2026-04-06T16:15:06-07:00,4,7
projects/index.html,66,html,e536e0bb,nijain7,2026-04-06,16:15:06,-07:00,2026-04-06T16:15:06-07:00,6,36
projects/index.html,67,html,e536e0bb,nijain7,2026-04-06,16:15:06,-07:00,2026-04-06T16:15:06-07:00,6,70
projects/index.html,68,html,e536e0bb,nijain7,2026-04-06,16:15:06,-07:00,2026-04-06T16:15:06-07:00,6,250
projects/index.html,69,html,e536e0bb,nijain7,2026-04-06,16:15:06,-07:00,2026-04-06T16:15:06-07:00,4,8
projects/index.html,70,html,e536e0bb,nijain7,2026-04-06,16:15:06,-07:00,2026-04-06T16:15:06-07:00,4,7
projects/index.html,71,html,e536e0bb,nijain7,2026-04-06,16:15:06,-07:00,2026-04-06T16:15:06-07:00,6,45
projects/index.html,72,html,e536e0bb,nijain7,2026-04-06,16:15:06,-07:00,2026-04-06T16:15:06-07:00,6,70
projects/index.html,73,html,e536e0bb,nijain7,2026-04-06,16:15:06,-07:00,2026-04-06T16:15:06-07:00,6,244
projects/index.html,74,html,e536e0bb,nijain7,2026-04-06,16:15:06,-07:00,2026-04-06T16:15:06-07:00,4,8
projects/index.html,75,html,e536e0bb,nijain7,2026-04-06,16:15:06,-07:00,2026-04-06T16:15:06-07:00,4,7
projects/index.html,76,html,e536e0bb,nijain7,2026-04-06,16:15:06,-07:00,2026-04-06T16:15:06-07:00,6,34
projects/index.html,77,html,e536e0bb,nijain7,2026-04-06,16:15:06,-07:00,2026-04-06T16:15:06-07:00,6,70
projects/index.html,78,html,e536e0bb,nijain7,2026-04-06,16:15:06,-07:00,2026-04-06T16:15:06-07:00,6,211
projects/index.html,79,html,e536e0bb,nijain7,2026-04-06,16:15:06,-07:00,2026-04-06T16:15:06-07:00,4,8
projects/index.html,80,html,e536e0bb,nijain7,2026-04-06,16:15:06,-07:00,2026-04-06T16:15:06-07:00,4,7
projects/index.html,81,html,e536e0bb,nijain7,2026-04-06,16:15:06,-07:00,2026-04-06T16:15:06-07:00,6,34
projects/index.html,82,html,e536e0bb,nijain7,2026-04-06,16:15:06,-07:00,2026-04-06T16:15:06-07:00,6,70
projects/index.html,83,html,e536e0bb,nijain7,2026-04-06,16:15:06,-07:00,2026-04-06T16:15:06-07:00,6,244
projects/index.html,84,html,28dd760d,nijain7,2026-04-22,12:29:21,-07:00,2026-04-22T12:29:21-07:00,4,12
projects/index.html,85,html,e536e0bb,nijain7,2026-04-06,16:15:06,-07:00,2026-04-06T16:15:06-07:00,2,4
projects/index.html,86,html,027b790b,nijain7,2026-04-13,16:00:34,-07:00,2026-04-13T16:00:34-07:00,2,50
projects/index.html,87,html,28dd760d,nijain7,2026-04-22,12:29:21,-07:00,2026-04-22T12:29:21-07:00,2,47
projects/index.html,88,html,a12147bd,nijain7,2026-04-01,22:33:08,-07:00,2026-04-01T22:33:08-07:00,0,5
projects/index.html,89,html,0be180fe,nijain7,2026-04-01,23:27:10,-07:00,2026-04-01T23:27:10-07:00,0,0
projects/index.html,90,html,a12147bd,nijain7,2026-04-01,22:33:08,-07:00,2026-04-01T22:33:08-07:00,0,5
meta/index.html,1,html,07e77fc9,nijain7,2026-05-04,17:23:49,-07:00,2026-05-04T17:23:49-07:00,0,13
meta/index.html,2,html,07e77fc9,nijain7,2026-05-04,17:23:49,-07:00,2026-05-04T17:23:49-07:00,0,14
meta/index.html,3,html,07e77fc9,nijain7,2026-05-04,17:23:49,-07:00,2026-05-04T17:23:49-07:00,0,4
meta/index.html,4,html,07e77fc9,nijain7,2026-05-04,17:23:49,-07:00,2026-05-04T17:23:49-07:00,2,20
meta/index.html,5,html,07e77fc9,nijain7,2026-05-04,17:23:49,-07:00,2026-05-04T17:23:49-07:00,2,68
meta/index.html,6,html,07e77fc9,nijain7,2026-05-04,17:23:49,-07:00,2026-05-04T17:23:49-07:00,2,17
meta/index.html,7,html,07e77fc9,nijain7,2026-05-04,17:23:49,-07:00,2026-05-04T17:23:49-07:00,0,5
meta/index.html,8,html,07e77fc9,nijain7,2026-05-04,17:23:49,-07:00,2026-05-04T17:23:49-07:00,0,4
meta/index.html,9,html,07e77fc9,nijain7,2026-05-04,17:23:49,-07:00,2026-05-04T17:23:49-07:00,2,54
meta/index.html,10,html,07e77fc9,nijain7,2026-05-04,17:23:49,-07:00,2026-05-04T17:23:49-07:00,0,5
meta/index.html,11,html,07e77fc9,nijain7,2026-05-04,17:23:49,-07:00,2026-05-04T17:23:49-07:00,0,5
contact/style.css,1,css,e536e0bb,nijain7,2026-04-06,16:15:06,-07:00,2026-04-06T16:15:06-07:00,0,23
contact/style.css,2,css,e536e0bb,nijain7,2026-04-06,16:15:06,-07:00,2026-04-06T16:15:06-07:00,2,12
contact/style.css,3,css,e536e0bb,nijain7,2026-04-06,16:15:06,-07:00,2026-04-06T16:15:06-07:00,0,0
contact/style.css,4,css,e536e0bb,nijain7,2026-04-06,16:15:06,-07:00,2026-04-06T16:15:06-07:00,0,4
contact/style.css,5,css,e536e0bb,nijain7,2026-04-06,16:15:06,-07:00,2026-04-06T16:15:06-07:00,2,12
contact/style.css,6,css,e536e0bb,nijain7,2026-04-06,16:15:06,-07:00,2026-04-06T16:15:06-07:00,2,30
contact/style.css,7,css,e536e0bb,nijain7,2026-04-06,16:15:06,-07:00,2026-04-06T16:15:06-07:00,2,6
contact/style.css,8,css,e536e0bb,nijain7,2026-04-06,16:15:06,-07:00,2026-04-06T16:15:06-07:00,0,0
contact/style.css,9,css,e536e0bb,nijain7,2026-04-06,16:15:06,-07:00,2026-04-06T16:15:06-07:00,0,5
contact/style.css,10,css,e536e0bb,nijain7,2026-04-06,16:15:06,-07:00,2026-04-06T16:15:06-07:00,2,12
contact/style.css,11,css,e536e0bb,nijain7,2026-04-06,16:15:06,-07:00,2026-04-06T16:15:06-07:00,2,29
contact/style.css,12,css,e536e0bb,nijain7,2026-04-06,16:15:06,-07:00,2026-04-06T16:15:06-07:00,2,18
contact/style.css,13,css,e536e0bb,nijain7,2026-04-06,16:15:06,-07:00,2026-04-06T16:15:06-07:00,0,0
contact/style.css,14,css,3fbbfd29,nijain7,2026-04-06,15:51:00,-07:00,2026-04-06T15:51:00-07:00,0,0
contact/style.css,15,css,e536e0bb,nijain7,2026-04-06,16:15:06,-07:00,2026-04-06T16:15:06-07:00,0,6
contact/style.css,16,css,e536e0bb,nijain7,2026-04-06,16:15:06,-07:00,2026-04-06T16:15:06-07:00,2,18
contact/style.css,17,css,e536e0bb,nijain7,2026-04-06,16:15:06,-07:00,2026-04-06T16:15:06-07:00,0,0
contact/index.html,1,html,a12147bd,nijain7,2026-04-01,22:33:08,-07:00,2026-04-01T22:33:08-07:00,0,13
contact/index.html,2,html,a12147bd,nijain7,2026-04-01,22:33:08,-07:00,2026-04-01T22:33:08-07:00,0,14
contact/index.html,3,html,a12147bd,nijain7,2026-04-01,22:33:08,-07:00,2026-04-01T22:33:08-07:00,0,4
contact/index.html,4,html,e536e0bb,nijain7,2026-04-06,16:15:06,-07:00,2026-04-06T16:15:06-07:00,2,41
contact/index.html,5,html,3fbbfd29,nijain7,2026-04-06,15:51:00,-07:00,2026-04-06T15:51:00-07:00,2,42
contact/index.html,6,html,a12147bd,nijain7,2026-04-01,22:33:08,-07:00,2026-04-01T22:33:08-07:00,2,20
contact/index.html,7,html,a12147bd,nijain7,2026-04-01,22:33:08,-07:00,2026-04-01T22:33:08-07:00,2,68
contact/index.html,8,html,a12147bd,nijain7,2026-04-01,22:33:08,-07:00,2026-04-01T22:33:08-07:00,2,20
contact/index.html,9,html,a12147bd,nijain7,2026-04-01,22:33:08,-07:00,2026-04-01T22:33:08-07:00,0,5
contact/index.html,10,html,a12147bd,nijain7,2026-04-01,22:33:08,-07:00,2026-04-01T22:33:08-07:00,0,4
contact/index.html,11,html,a12147bd,nijain7,2026-04-01,22:33:08,-07:00,2026-04-01T22:33:08-07:00,2,20
contact/index.html,12,html,a12147bd,nijain7,2026-04-01,22:33:08,-07:00,2026-04-01T22:33:08-07:00,2,77
contact/index.html,13,html,a12147bd,nijain7,2026-04-01,22:33:08,-07:00,2026-04-01T22:33:08-07:00,4,5
contact/index.html,14,html,a12147bd,nijain7,2026-04-01,22:33:08,-07:00,2026-04-01T22:33:08-07:00,6,3
contact/index.html,15,html,a12147bd,nijain7,2026-04-01,22:33:08,-07:00,2026-04-01T22:33:08-07:00,6,35
contact/index.html,16,html,a12147bd,nijain7,2026-04-01,22:33:08,-07:00,2026-04-01T22:33:08-07:00,4,6
contact/index.html,17,html,a12147bd,nijain7,2026-04-01,22:33:08,-07:00,2026-04-01T22:33:08-07:00,4,6
contact/index.html,18,html,a12147bd,nijain7,2026-04-01,22:33:08,-07:00,2026-04-01T22:33:08-07:00,4,5
contact/index.html,19,html,a12147bd,nijain7,2026-04-01,22:33:08,-07:00,2026-04-01T22:33:08-07:00,6,5
contact/index.html,20,html,a12147bd,nijain7,2026-04-01,22:33:08,-07:00,2026-04-01T22:33:08-07:00,6,22
contact/index.html,21,html,a12147bd,nijain7,2026-04-01,22:33:08,-07:00,2026-04-01T22:33:08-07:00,4,6
contact/index.html,22,html,a12147bd,nijain7,2026-04-01,22:33:08,-07:00,2026-04-01T22:33:08-07:00,4,6
contact/index.html,23,html,a12147bd,nijain7,2026-04-01,22:33:08,-07:00,2026-04-01T22:33:08-07:00,4,5
contact/index.html,24,html,c6200b1f,nijain7,2026-04-01,23:07:00,-07:00,2026-04-01T23:07:00-07:00,6,2
contact/index.html,25,html,a12147bd,nijain7,2026-04-01,22:33:08,-07:00,2026-04-01T22:33:08-07:00,6,33
contact/index.html,26,html,a12147bd,nijain7,2026-04-01,22:33:08,-07:00,2026-04-01T22:33:08-07:00,4,6
contact/index.html,27,html,a12147bd,nijain7,2026-04-01,22:33:08,-07:00,2026-04-01T22:33:08-07:00,4,6
contact/index.html,28,html,a12147bd,nijain7,2026-04-01,22:33:08,-07:00,2026-04-01T22:33:08-07:00,4,19
contact/index.html,29,html,a12147bd,nijain7,2026-04-01,22:33:08,-07:00,2026-04-01T22:33:08-07:00,2,5
contact/index.html,30,html,027b790b,nijain7,2026-04-13,16:00:34,-07:00,2026-04-13T16:00:34-07:00,2,50
contact/index.html,31,html,a12147bd,nijain7,2026-04-01,22:33:08,-07:00,2026-04-01T22:33:08-07:00,0,5
contact/index.html,32,html,a12147bd,nijain7,2026-04-01,22:33:08,-07:00,2026-04-01T22:33:08-07:00,0,5
